ia_gain_tag,ia_gain_val,lambda_tag,lambda_val,measured_period_ms,period_std_ms,peak_force_e,peak_force_f,corr_ef
baseline,1.0,lam5em4,0.0005,519.60,0.00,16.770,17.026,-0.814
baseline,1.0,lam1em3,0.001,519.60,0.00,16.734,16.961,-0.841
baseline,1.0,lam2em3,0.002,519.60,0.00,16.754,17.143,-0.810
toe,0.5,lam5em4,0.0005,481.58,97.62,17.009,17.056,-0.753
toe,0.5,lam1em3,0.001,506.28,60.57,16.824,17.237,-0.784
toe,0.5,lam2em3,0.002,506.28,60.57,16.724,16.939,-0.852
air,0.1,lam5em4,0.0005,438.77,129.61,16.938,17.237,-0.704
air,0.1,lam1em3,0.001,519.60,0.00,16.734,16.805,-0.868
air,0.1,lam2em3,0.002,519.60,0.00,16.723,16.723,-0.932
